{"cameraMode":{"drawMode":0,"name":"Shaded","section":"Shading Mode"},"sceneLighting":false,"audioPlay":false,"sceneViewState":{"m_AlwaysRefresh":false,"showFog":true,"showSkybox":false,"showFlares":true,"showImageEffects":true,"showParticleSystems":true,"showVisualEffectGraphs":true,"m_FxEnabled":true},"in2DMode":false,"pivot":{"x":11.772974967956543,"y":0.7238858938217163,"z":5.631509304046631},"rotation":{"x":-0.21547462046146394,"y":0.6042367815971375,"z":-0.17428068816661836,"w":-0.7470574975013733},"size":0.7930384874343872,"orthographic":false}