{"cameraMode":{"drawMode":0,"name":"Shaded","section":"Shading Mode"},"sceneLighting":false,"audioPlay":false,"sceneViewState":{"m_AlwaysRefresh":false,"showFog":true,"showSkybox":false,"showFlares":true,"showImageEffects":true,"showParticleSystems":true,"showVisualEffectGraphs":true,"m_FxEnabled":true},"in2DMode":false,"pivot":{"x":-1.2163584232330323,"y":-0.4499332308769226,"z":0.7939589023590088},"rotation":{"x":-0.13452289998531342,"y":0.5965654253959656,"z":-0.10228969156742096,"w":-0.7845848798751831},"size":1.8156635761260987,"orthographic":false}