{"cameraMode":{"drawMode":0,"name":"Shaded","section":"Shading Mode"},"sceneLighting":false,"audioPlay":false,"sceneViewState":{"m_AlwaysRefresh":false,"showFog":true,"showSkybox":false,"showFlares":true,"showImageEffects":true,"showParticleSystems":true,"showVisualEffectGraphs":true,"m_FxEnabled":true},"in2DMode":false,"pivot":{"x":5.2259674072265629,"y":0.027773618698120118,"z":-8.295138359069825},"rotation":{"x":0.02339453622698784,"y":0.9762156009674072,"z":-0.1373787671327591,"w":0.16618290543556214},"size":5.24230432510376,"orthographic":false}